{
  "train_loss": [
    1.5977358199373077,
    1.2159136801580839,
    1.0258062466790405,
    0.9107535028759437,
    0.8376008407979072,
    0.7736542283356944,
    0.7019919962445392,
    0.6414173888632014,
    0.5951376468697681,
    0.5586056789454026,
    0.5167846884342688,
    0.4596130923379826,
    0.42903752360917347,
    0.39686333722894707,
    0.392327571311329,
    0.34354918997121764,
    0.32843464325311816,
    0.319201936968897,
    0.27458031678312944,
    0.24824010260120222,
    0.24127894830948945,
    0.23448957090230682,
    0.20424499971014035,
    0.20699826837812044,
    0.18579903608070145,
    0.1613423967663246,
    0.17071003940758073,
    0.15717422370386275,
    0.12667378912314395,
    0.12799309131312125,
    0.12573225117477152,
    0.11347595416598871,
    0.10196385076092675,
    0.09404652178010467,
    0.09268423091749885,
    0.10084151058263276,
    0.0830368453524771,
    0.07918598974430108,
    0.06622172559057421,
    0.06467718378378408,
    0.06589056843378922,
    0.04902256612188501,
    0.06004655539335188,
    0.05944296313874141,
    0.05085230016671239,
    0.05846084517506364,
    0.05342541465718488,
    0.046423114323399114,
    0.04583200989431065,
    0.04507327324687208
  ],
  "train_acc": [
    35.9375,
    49.624208860759495,
    58.30696202531646,
    63.33069620253165,
    67.20727848101266,
    69.6004746835443,
    73.83306962025317,
    76.44382911392405,
    78.18433544303798,
    78.71835443037975,
    80.81487341772151,
    82.75316455696202,
    84.25632911392405,
    84.92879746835443,
    85.0870253164557,
    87.14398734177215,
    88.03401898734177,
    88.37025316455696,
    89.65585443037975,
    91.11946202531645,
    90.88212025316456,
    91.35680379746836,
    92.34572784810126,
    92.52373417721519,
    92.70174050632912,
    94.02689873417721,
    93.47310126582279,
    94.4620253164557,
    95.0751582278481,
    95.47072784810126,
    95.3125,
    95.72784810126582,
    96.22231012658227,
    96.51898734177215,
    96.65743670886076,
    96.22231012658227,
    96.79588607594937,
    96.89477848101266,
    97.74525316455696,
    97.50791139240506,
    97.36946202531645,
    98.18037974683544,
    97.60680379746836,
    97.9628164556962,
    97.74525316455696,
    97.7254746835443,
    98.14082278481013,
    98.29905063291139,
    98.3386075949367,
    98.2001582278481
  ],
  "val_loss": [
    1.2590011051404122,
    1.1596648836284644,
    1.019034530926792,
    1.1352879837411056,
    1.2647796088187446,
    1.301240644105325,
    0.729303621557685,
    0.7074684024601012,
    1.2186609830201696,
    0.7502667020523975,
    0.6388791506636348,
    0.5691174912424801,
    0.4505859543678355,
    0.678257239590197,
    0.43561632556959917,
    0.48575159949185137,
    0.5991414298133434,
    0.38449234574707736,
    0.3480424091057175,
    0.712836018404611,
    0.3466337861583311,
    0.3899567776276801,
    0.33736693338373336,
    0.42660567940862243,
    0.2989566311263443,
    0.3418074999696193,
    0.30209170181926065,
    0.2983081096234076,
    0.33562297893574755,
    0.26486524618732016,
    0.359039633954743,
    0.24660063310643998,
    0.3475168942707749,
    0.3043478609712187,
    0.23660709830974455,
    0.2099447566056958,
    0.1764650393085621,
    0.18850416204254267,
    0.18593645679318402,
    0.20519660565531384,
    0.1953473758481315,
    0.2002657119783336,
    0.19944234797948981,
    0.18126074152645566,
    0.16618019472604237,
    0.1752257278412813,
    0.1680173393739925,
    0.16598489490016574,
    0.16375550000046418,
    0.1828738394049512
  ],
  "val_acc": [
    42.58970358814353,
    42.1216848673947,
    51.09204368174727,
    49.453978159126365,
    64.1185647425897,
    45.00780031201248,
    68.7207488299532,
    73.32293291731669,
    51.24804992199688,
    73.71294851794072,
    77.69110764430577,
    81.201248049922,
    82.52730109204369,
    76.20904836193448,
    85.17940717628706,
    83.61934477379096,
    84.00936037441498,
    87.12948517940718,
    89.46957878315132,
    74.18096723868955,
    88.76755070202807,
    86.66146645865835,
    88.68954758190327,
    84.3213728549142,
    88.92355694227768,
    86.27145085803433,
    90.6396255850234,
    91.96567862714508,
    89.1575663026521,
    92.2776911076443,
    91.18564742589703,
    93.29173166926677,
    90.56162246489859,
    92.1996879875195,
    91.88767550702028,
    93.44773790951638,
    94.30577223088923,
    93.91575663026521,
    93.68174726989079,
    93.13572542901716,
    94.22776911076443,
    93.60374414976599,
    94.77379095163806,
    94.85179407176287,
    95.47581903276131,
    94.92979719188767,
    95.55382215288611,
    95.78783151326053,
    95.63182527301092,
    94.53978159126365
  ],
  "lr": [
    0.003,
    0.0029970696917159833,
    0.0029882903314519997,
    0.002973696567332103,
    0.002953345994276017,
    0.002927318926698303,
    0.0028957180815440534,
    0.0028586681729120393,
    0.0028163154198651372,
    0.0027688269693704926,
    0.002716390236646797,
    0.0026592121655220472,
    0.0025975184117207964,
    0.002531552452304103,
    0.0024615746247768043,
    0.0023878610996543232,
    0.00231070279054381,
    0.0022304042060410476,
    0.0021472822479741333,
    0.0020616649607367475,
    0.001973890236646797,
    0.0018843044824398093,
    0.0017932612521598015,
    0.0017011198518429925,
    0.0016082439215010307,
    0.0015150000000000003,
    0.0014217560784989698,
    0.0013288801481570085,
    0.0012367387478401993,
    0.0011456955175601908,
    0.001056109763353204,
    0.000968335039263254,
    0.0008827177520258673,
    0.0007995957939589528,
    0.0007192972094561898,
    0.0006421389003456777,
    0.0005684253752231958,
    0.0004984475476958974,
    0.0004324815882792043,
    0.00037078783447795324,
    0.0003136097633532033,
    0.00026117303062950806,
    0.00021368458013486268,
    0.00017133182708796134,
    0.0001342819184559468,
    0.00010268107330169704,
    7.665400572398304e-05,
    5.6303432667897264e-05,
    4.1709668548000526e-05,
    3.2930308284016734e-05
  ]
}