{
  "train_loss": [
    1.8192750977564462,
    1.4302801784080794,
    1.2767327412774292,
    1.164904469930673,
    1.1119821720485445,
    1.050638068325912,
    0.9966490502598919,
    0.9466455318505251,
    0.8934219417315495,
    0.896018150109279,
    0.8611913523342036,
    0.793986110747615,
    0.8248059479873392,
    0.7830719755420202,
    0.7539199207779728,
    0.7397001072575774,
    0.7083008532659917,
    0.7106223883508127,
    0.6797840815933445,
    0.6567375263835811,
    0.6401720165829116,
    0.6371488399520705,
    0.6115590728159193,
    0.6309990997933135,
    0.610188952163805,
    0.5646279460833042,
    0.5737096659744843,
    0.5488285466651374,
    0.5122071862032141,
    0.5316336769846421,
    0.5066080825238288,
    0.4961444179091272,
    0.5009623103881184,
    0.496283692555337,
    0.4596787376117103,
    0.48095982309572305,
    0.459873253031622,
    0.4842598266616652,
    0.4490748640574232,
    0.4223461654273015,
    0.43604196924008903,
    0.430966761576224,
    0.40395806376126747,
    0.42756691056339047,
    0.4044709116974963,
    0.4098636712171609,
    0.39751085488102106,
    0.3954751961216142,
    0.3537299190235289,
    0.3593379273256169,
    0.36285410925180095,
    0.3822758325104472,
    0.3658036157677445,
    0.36592177660027636,
    0.3289467616218932,
    0.35576814934139767,
    0.327729859023909,
    0.3381054594264,
    0.32187915475496764,
    0.3244532339652128,
    0.317959072799245,
    0.3309032254486899,
    0.3166763039329384,
    0.32685756678634054,
    0.2995449161227745,
    0.3018892339041716,
    0.2901078630946105,
    0.3014718024178019,
    0.267892883736876,
    0.273307782798251,
    0.2698818760912252,
    0.29755176441107367,
    0.29017761642042594,
    0.2769435193578276,
    0.2666760515657407,
    0.27515963698395446,
    0.2752762324636496,
    0.2688552642689098,
    0.25130641205778603,
    0.26122146545426,
    0.2814701845798689,
    0.2605800292442871,
    0.2559537178824974,
    0.25675409730476667,
    0.24899809814612323,
    0.25291603287281117,
    0.25762420806656533,
    0.25662364258984977,
    0.2574201129329733,
    0.23066323403787764,
    0.2504832063200353,
    0.263454625548064,
    0.24729362651234185,
    0.2483906509425444,
    0.23581206256264373,
    0.2256058512750683,
    0.235445527831399,
    0.25576241465308996,
    0.23007017697054374,
    0.24892893129417412
  ],
  "train_acc": [
    31.665348101265824,
    39.45806962025316,
    47.62658227848101,
    52.610759493670884,
    54.86550632911393,
    56.46756329113924,
    59.889240506329116,
    61.53085443037975,
    64.85363924050633,
    64.5371835443038,
    66.75237341772151,
    69.30379746835443,
    68.29509493670886,
    69.16534810126582,
    71.24208860759494,
    72.03322784810126,
    72.70569620253164,
    72.40901898734177,
    74.0506329113924,
    75.43512658227849,
    75.75158227848101,
    76.06803797468355,
    76.12737341772151,
    76.40427215189874,
    77.0371835443038,
    79.03481012658227,
    78.18433544303798,
    79.50949367088607,
    81.11155063291139,
    80.02373417721519,
    80.22151898734177,
    81.11155063291139,
    80.89398734177215,
    81.26977848101266,
    82.73338607594937,
    82.02136075949367,
    82.97072784810126,
    82.08069620253164,
    83.56408227848101,
    84.23655063291139,
    83.64319620253164,
    83.54430379746836,
    84.375,
    84.1376582278481,
    84.65189873417721,
    84.375,
    84.86946202531645,
    85.36392405063292,
    86.4121835443038,
    86.51107594936708,
    85.50237341772151,
    86.57041139240506,
    85.91772151898734,
    86.68908227848101,
    87.00553797468355,
    86.8868670886076,
    87.48022151898734,
    87.55933544303798,
    87.75712025316456,
    87.9746835443038,
    88.29113924050633,
    87.1242088607595,
    88.66693037974683,
    88.09335443037975,
    88.3504746835443,
    88.46914556962025,
    89.18117088607595,
    89.20094936708861,
    89.55696202531645,
    89.65585443037975,
    89.81408227848101,
    89.26028481012658,
    89.0625,
    89.47784810126582,
    90.28876582278481,
    89.85363924050633,
    89.69541139240506,
    90.05142405063292,
    90.40743670886076,
    90.34810126582279,
    89.61629746835443,
    90.07120253164557,
    90.48655063291139,
    90.3876582278481,
    90.26898734177215,
    90.625,
    90.3876582278481,
    90.58544303797468,
    90.1503164556962,
    90.98101265822785,
    90.28876582278481,
    90.64477848101266,
    90.32832278481013,
    90.92167721518987,
    91.11946202531645,
    91.51503164556962,
    91.13924050632912,
    90.5261075949367,
    91.13924050632912,
    90.88212025316456
  ],
  "val_loss": [
    1.4012094540826616,
    1.2546178189901034,
    1.35527694969207,
    1.0260252156607261,
    1.3902815414851244,
    0.8477256634678,
    1.261313251139779,
    0.7866180217396265,
    1.0158987830098074,
    0.6869529465245382,
    1.1890134355765236,
    0.7175917603110374,
    0.6286653722876133,
    0.7377030151124677,
    0.7509714967561029,
    0.66813270666298,
    0.7201014247587803,
    0.8181946775563608,
    0.627311473843088,
    0.6519168607902229,
    0.5418047605085299,
    0.5873774308682231,
    0.8756922628503879,
    0.5707906819356957,
    0.5253904503704792,
    0.4868237326929982,
    0.5318731621907393,
    0.4319152893402647,
    0.48090373335316106,
    0.47560208794107306,
    0.8316111570215449,
    0.5745486306511853,
    0.5225140274779845,
    0.36586047548585676,
    0.4278788457794606,
    0.4935569432614932,
    0.3433776024537228,
    0.3455257867223201,
    0.3586902977337889,
    0.47951650466078344,
    0.4891738297414854,
    0.42736059501650925,
    0.4244695859096724,
    0.2887819879884467,
    0.4821643639652294,
    0.5126289201787035,
    0.3668282966996876,
    0.47568151731386943,
    0.2990206525589858,
    0.3693741358200585,
    0.3528031893713798,
    0.3738586168021382,
    0.48867810925529825,
    0.3084649214413534,
    0.38808572766561406,
    0.31644438711603795,
    0.3597630251216442,
    0.25417890949479877,
    0.2814602342996508,
    0.2797076640746523,
    0.3036335979162624,
    0.2930171396728611,
    0.32167326474152563,
    0.26534515461200114,
    0.28686228017911153,
    0.26785660831493074,
    0.2580914573392332,
    0.21647066133628584,
    0.2858809028140468,
    0.26347533542540813,
    0.22625821447595607,
    0.21925194835793024,
    0.2262348113770418,
    0.24480249162025272,
    0.22654053638580252,
    0.21738474219804993,
    0.24843076889674862,
    0.22498485041482957,
    0.20701492074499264,
    0.22464148249250493,
    0.22609638902772794,
    0.20368872882795408,
    0.19195665216855065,
    0.1963716091213286,
    0.20003568814622816,
    0.2118935248409158,
    0.20139363924166342,
    0.20203557833680497,
    0.20064801986615483,
    0.1929580889374901,
    0.20325716544239086,
    0.18835960298358184,
    0.19414568454166656,
    0.19129036699367946,
    0.18689852901814322,
    0.19262877283341798,
    0.18632301104701068,
    0.18640483069624433,
    0.19484626198428656,
    0.19111437739894468
  ],