{
  "train_loss": [
    1.4740150705823358,
    1.056065578505678,
    0.8794539923188072,
    0.7904331374843165,
    0.7235897365231184,
    0.6371101765137799,
    0.5896768906393891,
    0.544665459754332,
    0.4926206114344627,
    0.43213459305793234,
    0.42265368435742723,
    0.4183277315782301,
    0.35173529719219265,
    0.3527992395859844,
    0.2946399477948933,
    0.2817618366588587,
    0.26822982822199287,
    0.24389624890853773,
    0.2272580677889428,
    0.20860184358913195,
    0.19714293903056182,
    0.18925878768728213,
    0.16870700816313425,
    0.16192403795349897,
    0.1364783468486378,
    0.13209971898006942,
    0.12433188201262141,
    0.12012122884252162,
    0.11080645992414756,
    0.1118600142873683,
    0.09913825131542746,
    0.10139261650026969,
    0.09112523223197311,
    0.07946675622824041,
    0.06864988350502725,
    0.07057393405223324,
    0.061146735995656475,
    0.062076390814621865,
    0.055376618557299175,
    0.052711212187536854,
    0.05581305490853558,
    0.05113689963114243,
    0.04713775957465968,
    0.04546909531543277,
    0.04516121509130575,
    0.04552305775618403,
    0.04300161784093054,
    0.04802346280951685,
    0.043860791299386685,
    0.03942280249968874
  ],
  "train_acc": [
    44.69637223974763,
    64.27444794952682,
    71.47082018927445,
    74.07334384858044,
    75.51261829652996,
    79.27839116719242,
    80.81624605678233,
    82.9455835962145,
    84.18769716088327,
    86.75078864353313,
    86.65220820189275,
    86.00157728706624,
    88.11119873817034,
    88.68296529968454,
    90.77287066246056,
    90.87145110410094,
    90.97003154574132,
    92.23186119873817,
    93.05993690851734,
    93.63170347003154,
    93.86829652996846,
    93.71056782334385,
    94.73580441640378,
    94.87381703470031,
    95.97791798107255,
    95.54416403785488,
    95.9384858044164,
    96.35252365930599,
    96.54968454258675,
    96.33280757097792,
    96.86514195583597,
    96.68769716088327,
    97.55520504731861,
    97.65378548895899,
    97.91009463722398,
    97.92981072555204,
    98.34384858044164,
    98.3044164037855,
    98.44242902208202,
    98.42271293375394,
    98.48186119873817,
    98.56072555205047,
    98.6198738170347,
    98.89589905362776,
    98.81703470031546,
    98.73817034700315,
    98.87618296529969,
    98.6198738170347,
    98.85646687697161,
    99.05362776025237
  ],
  "val_loss": [
    1.1900009304285049,
    1.372741737961769,
    0.9124515958130359,
    1.9870770156383515,
    1.0195649482309819,
    2.25281623005867,
    0.9104733057320118,
    0.5948102962225675,
    0.614463935047388,
    0.6112445201724768,
    0.4680593032389879,
    0.4871833734214306,
    0.510330130532384,
    0.47911905869841576,
    0.49555523581802846,
    0.6901730805635452,
    0.42628976944833996,
    0.4519271072000265,
    0.42655274029821155,
    0.4944356905296445,
    0.3772452212870121,
    0.3601653765887022,
    0.4733739154413342,
    0.27568363677710295,
    0.26655991431325676,
    0.26985043166205286,
    0.38615300692617893,
    0.22127248377073555,
    0.41572819305583836,
    0.17376305120997132,
    0.5116983128711581,
    0.21883800914511084,
    0.16574913822114468,
    0.18795908112078905,
    0.1595307678449899,
    0.21283247480168938,
    0.1411594540346414,
    0.15707184172933922,
    0.1355211838381365,
    0.16866336651146413,
    0.1735150868538767,
    0.1523899281863123,
    0.14053461662260816,
    0.14813368204049765,
    0.137102887511719,
    0.13391429781913758,
    0.14432796037872322,
    0.14446566546685063,
    0.13220881975721568,
    0.13445058601209894
  ],
  "val_acc": [
    64.79873717442779,
    54.61720599842147,
    69.1397000789266,
    54.93291239147593,
    68.35043409629046,
    43.330702446724544,
    74.82241515390686,
    82.63614838200473,
    76.79558011049724,
    83.10970797158643,
    87.13496448303079,
    83.89897395422257,
    81.53117600631413,
    85.39857932123125,
    85.79321231254933,
    78.84767166535123,
    86.10891870560378,
    88.63456985003947,
    88.08208366219417,
    85.24072612470403,
    85.71428571428571,
    88.39779005524862,
    84.5303867403315,
    91.08129439621152,
    92.18626677190213,
    90.92344119968429,
    88.7924230465667,
    94.00157853196528,
    91.08129439621152,
    94.39621152328334,
    82.71507498026835,
    93.21231254932913,
    94.39621152328334,
    94.39621152328334,
    95.50118389897395,
    93.92265193370166,
    95.81689029202842,
    95.65903709550119,
    96.36937647987372,
    95.50118389897395,
    95.42225730071034,
    96.05367008681925,
    95.97474348855565,
    96.52722967640095,
    96.44830307813733,
    96.60615627466456,
    96.36937647987372,
    96.2904498816101,
    96.68508287292818,
    96.52722967640095
  ]
}